{"resnet50": {"sgd": {"loss": [3.556654374455831, 3.109956962976111, 2.803180768805814, 2.5905384801956544, 2.4426059898123684, 2.3280406111981495, 2.2408813587441503, 2.153275768843042, 2.0751496154141713, 2.017652226040162, 1.9604713846976498, 1.917432228111359, 1.8749656181737602, 1.8325913461719652, 1.7905141957696662, 1.7480574181280941, 1.7098135212530572, 1.688136953618153, 1.6411672399704715, 1.6088347776252103, 1.5852515935036073, 1.5498557261099297, 1.526826602924301, 1.4920536969368716, 1.4507177061345204, 1.4359477578301028, 1.4050573081568063, 1.3750002580665681, 1.3372717708851918, 1.3068788204566542, 1.2911836863856718, 1.2589385034808194, 1.2331996371659888, 1.2019200122356415, 1.1707254247062178, 1.1477490127517516, 1.108098049666508, 1.0759208148502442, 1.0533927284953106, 1.0181497583475458, 0.98309547556452, 0.9638705564406981, 0.9203652619956487, 0.9045358506168227, 0.8751524221178997, 0.8530521712604775, 0.821596939254956, 0.787400443719094, 0.7633452234857053, 0.7388738301360464], "val_loss": [3.2639011137933376, 2.8415340040679453, 2.5991814161563886, 2.373617782903871, 2.218294567303864, 2.100774562122516, 2.0168308877167203, 1.9995005562591406, 1.920796552398509, 1.8394269075693042, 1.810441378298707, 1.7739979111378923, 1.7381300679015161, 1.695850349539478, 1.6933651304855122, 1.7001322765066733, 1.684540990291685, 1.6362695724308425, 1.6194419259010606, 1.6100745194573773, 1.604458388871397, 1.5946365345952482, 1.5676557975616914, 1.5492409680654684, 1.5583362756139851, 1.5273429139007062, 1.6128401898844975, 1.5580191606293246, 1.5610278552383419, 1.537587041548622, 1.5325922768089513, 1.5341163948429717, 1.537578932911627, 1.5522894068286912, 1.5767450519157542, 1.636755304668765, 1.568306594202871, 1.6514965801408643, 1.6784712468914025, 1.6245468158999834, 1.627962342166961, 1.6435358753999856, 1.638957685138297, 1.6486974045491796, 1.6381156636094014, 1.6682435957331492, 1.7235316090260635, 1.8522581986043731, 1.7581182398505433, 1.751498165181068], "acc_age": [0.3573193515337793, 0.45025010546616046, 0.5196769722172, 0.539384077623094, 0.5501717591755559, 0.5668052793346592, 0.5754836376785392, 0.5868137166274935, 0.5991683239920449, 0.6022419092388357, 0.616826372566745, 0.617971433737118, 0.6285180497800277, 0.6347857530283855, 0.6371964081239077, 0.6423190502018924, 0.649551015488459, 0.6523232688483095, 0.6584101729645031, 0.6662448020249503, 0.6722714397637558, 0.6714879768577111, 0.679021274031218, 0.6854095100343518, 0.6929428072078587, 0.6936660037365154, 0.7025854275899476, 0.707406737780992, 0.7130717772554692, 0.7168685590309166, 0.7229554631471102, 0.7265111794130055, 0.7330199481709154, 0.743446031459049, 0.7492918700656903, 0.7514614596516603, 0.7608630145241969, 0.7699029711324052, 0.7779183993250166, 0.7902730066895679, 0.7969023082022539, 0.7988308322786717, 0.811125173265835, 0.8107635750015066, 0.8183571385524017, 0.828662689085759, 0.8369191827879227, 0.8414994274694149, 0.8541553667209064, 0.859278008798891], "val_acc_age": [0.405793025871766, 0.5185601799775028, 0.5374015748031497, 0.5611642294713161, 0.5801462317210349, 0.5906917885264342, 0.5981439820022497, 0.5884420697412823, 0.6112204724409449, 0.6147356580427447, 0.6223284589426322, 0.625, 0.6347019122609674, 0.639763779527559, 0.6355455568053994, 0.6399043869516311, 0.6432789651293588, 0.6422947131608548, 0.6583239595050618, 0.6512935883014623, 0.6427165354330708, 0.6649325084364455, 0.6577615298087739, 0.6652137232845894, 0.65748031496063, 0.6661979752530933, 0.6460911136107986, 0.6597300337457818, 0.670556805399325, 0.6677446569178853, 0.6594488188976378, 0.6697131608548932, 0.6638076490438695, 0.6656355455568054, 0.6594488188976378, 0.6448256467941508, 0.6708380202474691, 0.6545275590551181, 0.6332958380202475, 0.6669010123734533, 0.6615579302587177, 0.6636670416197975, 0.6576209223847019, 0.656214848143982, 0.6604330708661418, 0.655933633295838, 0.6669010123734533, 0.6548087739032621, 0.6609955005624297, 0.6588863892013498], "acc_gender": [0.6815524618815163, 0.7721930934731513, 0.7963599108057615, 0.8196829988549388, 0.8302898812752365, 0.8402338335442656, 0.8495148556620261, 0.8567468209485928, 0.8653046465376966, 0.8663291749532935, 0.8747062014102333, 0.8753691315615019, 0.8826613632254565, 0.8824202977159042, 0.8900741276441874, 0.8947146387030676, 0.8947749050804557, 0.8989332851202314, 0.9027903332730669, 0.9012234074609775, 0.9087567046344844, 0.9110468269752305, 0.9114686916169469, 0.9127945519194841, 0.918158259507021, 0.919182787922618, 0.9206291809799313, 0.9244862291327668, 0.9283432772856024, 0.9301512686072441, 0.9311155306454529, 0.934490447779184, 0.9358163080817212, 0.936720303742542, 0.9369613692520943, 0.9404568191406014, 0.9473874525402278, 0.9484722473332128, 0.9475079852950039, 0.9494967757488098, 0.948713312842765, 0.9544386186946303, 0.9580546013379135, 0.9548002169589586, 0.959621527150003, 0.9580546013379135, 0.9608268546977641, 0.9612487193394805, 0.9635388416802266, 0.9611281865847044], "val_acc_gender": [0.7741844769403825, 0.812007874015748, 0.8319741282339708, 0.8554555680539933, 0.8605174353205849, 0.8697975253093363, 0.8794994375703037, 0.8738751406074241, 0.8775309336332958, 0.8915916760404949, 0.890607424071991, 0.8913104611923509, 0.8979190101237345, 0.9046681664791901, 0.9008717660292463, 0.9015748031496063, 0.9094488188976378, 0.9104330708661418, 0.9083239595050618, 0.9116985376827896, 0.9125421822272216, 0.9105736782902137, 0.9125421822272216, 0.9140888638920135, 0.9154949381327334, 0.9169010123734533, 0.8997469066366705, 0.9171822272215973, 0.9004499437570304, 0.9188695163104612, 0.9161979752530933, 0.9161979752530933, 0.9198537682789651, 0.9169010123734533, 0.9139482564679415, 0.9069178852643419, 0.9104330708661418, 0.9022778402699663, 0.9145106861642295, 0.9098706411698537, 0.9188695163104612, 0.9177446569178853, 0.9139482564679415, 0.9083239595050618, 0.9171822272215973, 0.9105736782902137, 0.9109955005624297, 0.9140888638920135, 0.9118391451068616, 0.9108548931383577], "acc_race": [0.4296390043994455, 0.5145543301392154, 0.5772313626227927, 0.6224311456638342, 0.6479238232989815, 0.6732357018019647, 0.6880612306394263, 0.7034291568733804, 0.719399746881215, 0.730307961188453, 0.7379015247393479, 0.744591092629422, 0.7561622370879286, 0.765322726450913, 0.769661905622853, 0.7756282769842705, 0.7818959802326282, 0.7845477008377026, 0.7955161815223287, 0.8009401554872536, 0.803471343337552, 0.8137166274935214, 0.8131742300970288, 0.81654914723076, 0.8290845537274755, 0.8294461519918038, 0.8300488157656843, 0.8394503706382209, 0.8402940999216537, 0.8478273970951606, 0.849273790152474, 0.8537937684565781, 0.8557222925329958, 0.8645211836316519, 0.8689206291809799, 0.8703067558609052, 0.8772976556379196, 0.8862773458687399, 0.8860362803591876, 0.8860362803591876, 0.8956789007412764, 0.894111974929187, 0.901826071234858, 0.9045983245947086, 0.908334839992768, 0.907129512445007, 0.9120713553908275, 0.920207316338215, 0.9200867835834388, 0.9248478273970951],