{"resnet50": {"sgd": {"loss": [3.675763940765219, 3.3829682233935374, 3.126228108801134, 2.9089520145243535, 2.737361727192682, 2.592787103731049, 2.476245983143073, 2.3769793779174715, 2.3052964610171456, 2.230340525019835], "val_loss": [3.498502460624395, 3.2209583046730983, 2.9720430153474378, 2.7714464867717763, 2.6157265012518742, 2.4952111106240347, 2.4109017143758495, 2.3203172380000017, 2.256278579489569, 2.1693500040119953], "acc_age": [0.3523775085879588, 0.3734707406737781, 0.43012113541855, 0.49647441692279876, 0.5254022780690653, 0.542578195624661, 0.5549328029892123, 0.5639124932200326, 0.5755439040559271, 0.5842825287771952], "val_acc_age": [0.3619235095613048, 0.4005905511811024, 0.4676602924634421, 0.5094206974128234, 0.5379640044994376, 0.5511811023622047, 0.5610236220472441, 0.5703037120359955, 0.5694600674915635, 0.5829583802024747], "acc_gender": [0.638582534803833, 0.752124389802929, 0.7804495871753149, 0.796842041824866, 0.8119086361718797, 0.8281202916892666, 0.8360754535044899, 0.8469234014343398, 0.852588440908817, 0.8568673537033689], "val_acc_gender": [0.7442350956130483, 0.7833239595050618, 0.8048368953880765, 0.8153824521934758, 0.8336614173228346, 0.844488188976378, 0.8527840269966255, 0.8468785151856018, 0.8627671541057368, 0.8662823397075365], "acc_race": [0.41818839269571506, 0.4545892846381004, 0.5126860724401856, 0.5593925149159285, 0.5949496775748809, 0.6180317001145061, 0.638642801181221, 0.6549147230759959, 0.6684746579883083, 0.6854095100343518], "val_acc_race": [0.4392575928008999, 0.5025309336332958, 0.5696006749156356, 0.594488188976378, 0.6265466816647919, 0.6445444319460067, 0.6462317210348706, 0.6698537682789651, 0.6858830146231721, 0.7054274465691789]}, "adam": {"loss": [3.126232787959547, 2.420587676576821, 2.0747772950723946, 1.8572344477492642, 1.68839239582958, 1.5622651954444058, 1.4152036352042692, 1.2796980496630612, 1.130219274486404, 0.9752176657570414], "val_loss": [4.47941521944057, 2.1653560238635783, 2.0128125075766286, 1.8690520415315142, 1.716518350305922, 1.7635733383101138, 1.751215027651516, 1.6638468367763124, 1.7859232513562968, 1.8486220451916229], "acc_age": [0.4404266859519074, 0.5311878502983186, 0.5757849695654794, 0.6100765382992829, 0.6368348098595793, 0.6555776532272645, 0.682275658410173, 0.7065630084975593, 0.7320556861327066, 0.7634544687518833], "val_acc_age": [0.3764060742407199, 0.5518841394825647, 0.5638357705286839, 0.6137514060742407, 0.640466816647919, 0.6313273340832396, 0.6002530933633295, 0.6526996625421823, 0.640185601799775, 0.6490438695163104], "acc_gender": [0.7053576809497981, 0.816609413608148, 0.8565057554390405, 0.8794672452238896, 0.8971855601759778, 0.906044717652022, 0.9206291809799313, 0.9325619237027662, 0.9419634785753028, 0.9582354004700777], "val_acc_gender": [0.7135826771653543, 0.8506749156355455, 0.8780933633295838, 0.8660011248593926, 0.8942632170978627, 0.8921541057367829, 0.8900449943757031, 0.8989032620922385, 0.8806242969628797, 0.8938413948256468], "acc_race": [0.5269089375037667, 0.6597360332670403, 0.7189778822394985, 0.7548966431627795, 0.7820767793647924, 0.80570119930091, 0.8296269511239679, 0.8472849996986681, 0.8694027602000843, 0.8924847827397095], "val_acc_race": [0.4655511811023622, 0.7163948256467941, 0.7417041619797525, 0.7672947131608548, 0.7778402699662542, 0.7692632170978627, 0.8007592800899888, 0.7999156355455568, 0.7847300337457818, 0.796962879640045]}}, "resnet34": {"sgd": {"loss": [3.659409643367995, 3.182020904011809, 2.9032055458811206, 2.7064401065223707, 2.559965524599961, 2.432222026620986, 2.3340220833789407, 2.249405519121644, 2.183464832733132, 2.1064700475088203], "val_loss": [3.3575810485341577, 3.018902996952614, 2.812275613626737, 2.616996747958526, 2.522597061499451, 2.384083996897333, 2.2882896995611404, 2.257405101549759, 2.146659183150597, 2.0849568913324497], "acc_age": [0.35147351292713797, 0.43204965949496776, 0.4937021635629482, 0.5224492255770505, 0.5421563309829446, 0.5592117157837643, 0.5699391309588381, 0.5844633279093594, 0.588380642439583, 0.5991080576146568], "val_acc_age": [0.39637232845894266, 0.4706130483689539, 0.5115298087739033, 0.5298087739032621, 0.5393700787401575, 0.546119235095613, 0.5641169853768279, 0.5636951631046119, 0.5763498312710911, 0.5915354330708661], "acc_gender": [0.6490086180919665, 0.7689989754715844, 0.7945519194841199, 0.8113662387753872, 0.8289037545953113, 0.8386066413547881, 0.8451756764900862, 0.8521063098897125, 0.856927620080757, 0.8641595853673236], "val_acc_gender": [0.7388920134983127, 0.7872609673790776, 0.812007874015748, 0.8228346456692913, 0.8245219347581553, 0.8451912260967379, 0.8554555680539933, 0.8620641169853769, 0.8650168728908887, 0.8734533183352081], "acc_race": [0.40969083348399926, 0.4991261375278732, 0.5499909600433918, 0.5925390224793587, 0.619056228530103, 0.6472006267703249, 0.665822937383234, 0.6843247152413668, 0.6966793226059181, 0.7122280479720364], "val_acc_race": [0.48045556805399325, 0.5423228346456693, 0.5642575928008999, 0.6169853768278966, 0.6442632170978627, 0.6654949381327334, 0.6854611923509561, 0.6742125984251969, 0.7166760404949382, 0.71962879640045]}, "adam": {"loss": [2.944346382531775, 2.136146923461592, 1.8242070930549896, 1.5947454250864235, 1.4021622258783824, 1.2138883420358222, 1.0030257664387485, 0.7815957845334547, 0.6052906127004738, 0.4766094490562577], "val_loss": [4.027271650739944, 3.651168169422312, 1.7270906421369523, 1.6826880608881216, 1.6136524136501906, 1.5133402983839253, 1.6582264114083267, 1.7313304027150667, 2.031900803509291, 2.1870644012753115], "acc_age": [0.4554330139215332, 0.5749412402820466, 0.6142349183390586, 0.6468992948833846, 0.6813716627493521, 0.718254685710842, 0.7599590188633761, 0.8087145181703128, 0.8557825589103839, 0.8920629180979931], "val_acc_age": [0.4763779527559055, 0.47750281214848145, 0.6227502812148481, 0.6528402699662542, 0.6456692913385826, 0.6690101237345332, 0.6756186726659168, 0.6716816647919011, 0.6598706411698537, 0.6628233970753655], "acc_gender": [0.745615621045019, 0.8509612487193395, 0.8813957693003074, 0.9051407219912011, 0.9223769059241849, 0.9395528234797806, 0.9520882299764961, 0.9614897848490327, 0.9700476104381366, 0.979268366178509], "val_acc_gender": [0.7705286839145107, 0.829021372328459, 0.8861079865016873, 0.8948256467941508, 0.9138076490438695, 0.907058492688414, 0.906496062992126, 0.9102924634420697, 0.90748031496063, 0.9042463442069741], "acc_race": [0.565599951786898, 0.7092749954800217, 0.7649008618091967, 0.8017236183932984, 0.8288434882179232, 0.85807268125113, 0.8900741276441874, 0.9214729102633641, 0.942144277707467, 0.9587777978665702], "val_acc_race": [0.6203599550056242, 0.686726659167604, 0.7761529808773904, 0.7876827896512936, 0.8027277840269966, 0.8224128233970753, 0.7872609673790776, 0.8066647919010124, 0.7914791901012374, 0.7881046119235096]}}, "mobilenetv2": {"sgd": {"loss": [3.6205456677199788, 3.229749360525539, 2.969726443750091, 2.7877301969969204, 2.6508986265443424, 2.5326505643324584, 2.4439095447058854, 2.3671194287393824, 2.3037496754659164, 2.2423433840619347], "val_loss": [3.3689501469054917, 3.040816430027565, 2.844763492667273, 2.6616738956965755, 2.537150813488478, 2.441262586967329, 2.3646040912089723, 2.269112137864145, 2.230135733759805, 2.1608453258537175], "acc_age": [0.3568974868920629, 0.42909660700295305, 0.4862291327668294, 0.511962875911529, 0.5285361296932441, 0.5440848550593623, 0.5557765322726451, 0.563249563068764, 0.5705417947327186, 0.5799433496052552], "val_acc_age": [0.3859673790776153, 0.4578177727784027, 0.49732845894263217, 0.515607424071991, 0.5327615298087739, 0.5487907761529809, 0.5596175478065242, 0.5698818897637795, 0.5705849268841395, 0.577755905511811], "acc_gender": [0.6482854215633098, 0.7481468088953173, 0.7746037485686735, 0.7955764478997167, 0.8085337190381486, 0.8223949858374013, 0.8296269511239679, 0.8380642439582957, 0.843970348942325, 0.8490929910203098],