{"resnet50": {"sgd": {"loss": [3.675763940765219, 3.3829682233935374, 3.126228108801134, 2.9089520145243535, 2.737361727192682, 2.592787103731049, 2.476245983143073, 2.3769793779174715, 2.3052964610171456, 2.230340525019835], "val_loss": [3.498502460624395, 3.2209583046730983, 2.9720430153474378, 2.7714464867717763, 2.6157265012518742, 2.4952111106240347, 2.4109017143758495, 2.3203172380000017, 2.256278579489569, 2.1693500040119953], "acc_age": [0.3523775085879588, 0.3734707406737781, 0.43012113541855, 0.49647441692279876, 0.5254022780690653, 0.542578195624661, 0.5549328029892123, 0.5639124932200326, 0.5755439040559271, 0.5842825287771952], "val_acc_age": [0.3619235095613048, 0.4005905511811024, 0.4676602924634421, 0.5094206974128234, 0.5379640044994376, 0.5511811023622047, 0.5610236220472441, 0.5703037120359955, 0.5694600674915635, 0.5829583802024747], "acc_gender": [0.638582534803833, 0.752124389802929, 0.7804495871753149, 0.796842041824866, 0.8119086361718797, 0.8281202916892666, 0.8360754535044899, 0.8469234014343398, 0.852588440908817, 0.8568673537033689], "val_acc_gender": [0.7442350956130483, 0.7833239595050618, 0.8048368953880765, 0.8153824521934758, 0.8336614173228346, 0.844488188976378, 0.8527840269966255, 0.8468785151856018, 0.8627671541057368, 0.8662823397075365], "acc_race": [0.41818839269571506, 0.4545892846381004, 0.5126860724401856, 0.5593925149159285, 0.5949496775748809, 0.6180317001145061, 0.638642801181221, 0.6549147230759959, 0.6684746579883083, 0.6854095100343518], "val_acc_race": [0.4392575928008999, 0.5025309336332958, 0.5696006749156356, 0.594488188976378, 0.6265466816647919, 0.6445444319460067, 0.6462317210348706, 0.6698537682789651, 0.6858830146231721, 0.7054274465691789]}, "adam": {"loss": [2.509186988276553, 1.9606016820336123, 1.7296829061126893, 1.5748498531664956, 1.4413023736894934, 1.3229506122583599, 1.1613715584165558, 0.9876871063644945, 0.8387973199460318, 0.6905307577696839], "val_loss": [2.219082166413578, 1.9218915469525906, 1.9669131733979401, 1.6579530201015178, 1.5992136660084295, 1.6981995666713527, 1.5875010476186033, 1.730606810526734, 2.0419301696791408, 1.9980083583236745], "acc_age": [0.5117820767793648, 0.589525703609956, 0.6348460194057736, 0.6541915265473393, 0.6781172783703971, 0.6971614536250226, 0.7269933104321099, 0.761947809317182, 0.8008196227324775, 0.8380642439582957], "val_acc_age": [0.5697412823397076, 0.6064398200224972, 0.5767716535433071, 0.6584645669291339, 0.6493250843644545, 0.6484814398200225, 0.6595894263217098, 0.640748031496063, 0.6313273340832396, 0.6636670416197975], "acc_gender": [0.8105225094919545, 0.8668715723497861, 0.8881456035677695, 0.9077321762188875, 0.9172542638462002, 0.9295486048333634, 0.9381064304224673, 0.9512445006930633, 0.9604049900560477, 0.96715482432351], "val_acc_gender": [0.8480033745781778, 0.8530652418447694, 0.8966535433070866, 0.9104330708661418, 0.9012935883014623, 0.8953880764904387, 0.906496062992126, 0.9090269966254219, 0.905511811023622, 0.8823115860517435], "acc_race": [0.6431627794853252, 0.7441089616103176, 0.7825589103838968, 0.805640932923522, 0.825408304706804, 0.8386669077321762, 0.8675947688784427, 0.888567468209486, 0.9088169710118724, 0.9260531549448563], "val_acc_race": [0.687992125984252, 0.7571709786276716, 0.7377671541057368, 0.7729190101237345, 0.8079302587176603, 0.7997750281214848, 0.813273340832396, 0.8073678290213723, 0.8017435320584927, 0.7997750281214848]}}, "resnet34": {"sgd": {"loss": [3.659409643367995, 3.182020904011809, 2.9032055458811206, 2.7064401065223707, 2.559965524599961, 2.432222026620986, 2.3340220833789407, 2.249405519121644, 2.183464832733132, 2.1064700475088203], "val_loss": [3.3575810485341577, 3.018902996952614, 2.812275613626737, 2.616996747958526, 2.522597061499451, 2.384083996897333, 2.2882896995611404, 2.257405101549759, 2.146659183150597, 2.0849568913324497], "acc_age": [0.35147351292713797, 0.43204965949496776, 0.4937021635629482, 0.5224492255770505, 0.5421563309829446, 0.5592117157837643, 0.5699391309588381, 0.5844633279093594, 0.588380642439583, 0.5991080576146568], "val_acc_age": [0.39637232845894266, 0.4706130483689539, 0.5115298087739033, 0.5298087739032621, 0.5393700787401575, 0.546119235095613, 0.5641169853768279, 0.5636951631046119, 0.5763498312710911, 0.5915354330708661], "acc_gender": [0.6490086180919665, 0.7689989754715844, 0.7945519194841199, 0.8113662387753872, 0.8289037545953113, 0.8386066413547881, 0.8451756764900862, 0.8521063098897125, 0.856927620080757, 0.8641595853673236], "val_acc_gender": [0.7388920134983127, 0.7872609673790776, 0.812007874015748, 0.8228346456692913, 0.8245219347581553, 0.8451912260967379, 0.8554555680539933, 0.8620641169853769, 0.8650168728908887, 0.8734533183352081], "acc_race": [0.40969083348399926, 0.4991261375278732, 0.5499909600433918, 0.5925390224793587, 0.619056228530103, 0.6472006267703249, 0.665822937383234, 0.6843247152413668, 0.6966793226059181, 0.7122280479720364], "val_acc_race": [0.48045556805399325, 0.5423228346456693, 0.5642575928008999, 0.6169853768278966, 0.6442632170978627, 0.6654949381327334, 0.6854611923509561, 0.6742125984251969, 0.7166760404949382, 0.71962879640045]}, "adam": {"loss": [2.322814196405613, 1.7997595380726117, 1.5838607058704244, 1.4093275915450902, 1.218804409738221, 1.04039356841747, 0.8433669298772407, 0.6563214676486964, 0.4941892369160418, 0.3840321674871192], "val_loss": [1.9409158593734328, 1.8172799503619081, 1.5911673477945034, 2.0158882805554383, 1.56281954782565, 1.702660031315316, 1.9145558727088938, 1.9366202325633404, 2.0637122425847174, 2.3926913220644668], "acc_age": [0.5439643223045862, 0.6188754293979389, 0.647441692279877, 0.6816127282589044, 0.7162658952570361, 0.7474236123666607, 0.801422286506358, 0.8455372747544145, 0.8899535948894112, 0.9127945519194841], "val_acc_age": [0.5995500562429696, 0.5757874015748031, 0.6541057367829022, 0.6473565804274466, 0.6729471316085489, 0.6611361079865017, 0.6590269966254219, 0.6577615298087739, 0.6695725534308211, 0.6297806524184477], "acc_gender": [0.8308925450491171, 0.8848912191888145, 0.907250045199783, 0.9224974386789611, 0.9365395046103778, 0.9480503826914964, 0.9586572651117942, 0.9718556017597783, 0.9772193093473152, 0.9845115410112698], "val_acc_gender": [0.8830146231721034, 0.8921541057367829, 0.9018560179977503, 0.8900449943757031, 0.9135264341957255, 0.9143700787401575, 0.9017154105736783, 0.9108548931383577, 0.9202755905511811, 0.9116985376827896], "acc_race": [0.6767311516904719, 0.7714698969444946, 0.8050985355270295, 0.8306514795395649, 0.8567468209485928, 0.8873621406617248, 0.912734285542096, 0.932320858193214, 0.9545591514494064, 0.9642017718314952], "val_acc_race": [0.7424071991001124, 0.7956974128233971, 0.8098987626546682, 0.6989595050618672, 0.8151012373453318, 0.7982283464566929, 0.8042744656917885, 0.8091957255343082, 0.7836051743532059, 0.811586051743532]}}, "mobilenetv2": {"sgd": {"loss": [3.6205456677199788, 3.229749360525539, 2.969726443750091, 2.7877301969969204, 2.6508986265443424, 2.5326505643324584, 2.4439095447058854, 2.3671194287393824, 2.3037496754659164, 2.2423433840619347], "val_loss": [3.3689501469054917, 3.040816430027565, 2.844763492667273, 2.6616738956965755, 2.537150813488478, 2.441262586967329, 2.3646040912089723, 2.269112137864145, 2.230135733759805, 2.1608453258537175], "acc_age": [0.3568974868920629, 0.42909660700295305, 0.4862291327668294, 0.511962875911529, 0.5285361296932441, 0.5440848550593623, 0.5557765322726451, 0.563249563068764, 0.5705417947327186, 0.5799433496052552], "val_acc_age": [0.3859673790776153, 0.4578177727784027, 0.49732845894263217, 0.515607424071991, 0.5327615298087739, 0.5487907761529809, 0.5596175478065242, 0.5698818897637795, 0.5705849268841395, 0.577755905511811], "acc_gender": [0.6482854215633098, 0.7481468088953173, 0.7746037485686735, 0.7955764478997167, 0.8085337190381486, 0.8223949858374013, 0.8296269511239679, 0.8380642439582957, 0.843970348942325, 0.8490929910203098],